{
  "test/integration/NavigationJourney-dbg.js": 1597778856000,
  "test/integration/pages/app.js": 1597778856000,
  "test/unit/controller/app.controller.js": 1597778856000,
  "manifest.json": 1599769486729,
  "test/integration/arrangements/Startup.js": 1597778856000,
  "test/unit/unitTests.qunit.js": 1597778856000,
  "test/unit/AllTests.js": 1597778856000,
  "test/integration/opaTests.qunit.js": 1597778856000,
  "test/integration/NavigationJourney.js": 1597778856000,
  "test/integration/AllJourneys.js": 1597778856000,
  "test/initMockServer.js": 1597778856000,
  "model/models.js": 1597778856000,
  "localService/mockserver.js": 1597778856000,
  "controller/app.controller.js": 1597778856000,
  "Component.js": 1597778856000,
  "manifest-bundle.zip": 1599769486486,
  "Component-preload.js": 1599769486682,
  "test/unit/unitTests.qunit-dbg.js": 1597778856000,
  "test/integration/pages/app-dbg.js": 1597778856000,
  "test/integration/arrangements/Startup-dbg.js": 1597778856000,
  "test/unit/controller/app-dbg.controller.js": 1597778856000,
  "test/unit/AllTests-dbg.js": 1597778856000,
  "test/integration/opaTests.qunit-dbg.js": 1597778856000,
  "i18n/i18n.properties": 1598990937000,
  "test/integration/AllJourneys-dbg.js": 1597778856000,
  "test/initMockServer-dbg.js": 1597778856000,
  "model/models-dbg.js": 1597778856000,
  "localService/mockserver-dbg.js": 1597778856000,
  "controller/app-dbg.controller.js": 1597778856000,
  "Component-dbg.js": 1597778856000,
  "resources.json": 1599769486732,
  "test/unit/unitTests.qunit.html": 1597778856000,
  "test/integration/opaTests.qunit.html": 1597778856000,
  "test/mockServer.html": 1597778856000,
  "view/app.view.xml": 1597787333000,
  "css/style.css": 1597778856000,
  "index.html": 1597778856000
}