{
  "manifest.json": 1598990448427,
  "i18n/i18n.properties": 1597776392000,
  "test/unit/controller/App.controller.js": 1597776392000,
  "test/integration/pages/App.js": 1597776392000,
  "test/integration/arrangements/Startup.js": 1597776392000,
  "test/unit/unitTests.qunit.js": 1597776392000,
  "test/unit/AllTests.js": 1597776392000,
  "test/integration/opaTests.qunit.js": 1597776392000,
  "test/integration/NavigationJourney.js": 1597776392000,
  "test/integration/AllJourneys.js": 1597776392000,
  "test/initMockServer.js": 1597776392000,
  "model/models.js": 1597776392000,
  "localService/mockserver.js": 1597776392000,
  "controller/App.controller.js": 1597776392000,
  "Component.js": 1597776392000,
  "manifest-bundle.zip": 1598990448210,
  "Component-preload.js": 1598990448381,
  "test/initMockServer-dbg.js": 1597776392000,
  "test/integration/pages/App-dbg.js": 1597776392000,
  "test/integration/arrangements/Startup-dbg.js": 1597776392000,
  "test/unit/unitTests.qunit-dbg.js": 1597776392000,
  "test/unit/AllTests-dbg.js": 1597776392000,
  "test/integration/opaTests.qunit-dbg.js": 1597776392000,
  "test/integration/NavigationJourney-dbg.js": 1597776392000,
  "test/integration/AllJourneys-dbg.js": 1597776392000,
  "test/unit/controller/App-dbg.controller.js": 1597776392000,
  "model/models-dbg.js": 1597776392000,
  "localService/mockserver-dbg.js": 1597776392000,
  "controller/App-dbg.controller.js": 1597776392000,
  "Component-dbg.js": 1597776392000,
  "resources.json": 1598990448430,
  "test/unit/unitTests.qunit.html": 1597776392000,
  "test/integration/opaTests.qunit.html": 1597776392000,
  "view/App.view.xml": 1598990353312,
  "test/mockServer.html": 1597776392000,
  "css/style.css": 1597776392000,
  "index.html": 1597776392000
}