{
  "Component.js": 1597776392298,
  "test/unit/controller/App.controller.js": 1597776392306,
  "manifest.json": 1597786396489,
  "test/integration/pages/App.js": 1597776392306,
  "test/integration/arrangements/Startup.js": 1597776392306,
  "test/unit/unitTests.qunit.js": 1597776392306,
  "test/unit/AllTests.js": 1597776392302,
  "test/integration/opaTests.qunit.js": 1597776392302,
  "test/integration/NavigationJourney.js": 1597776392302,
  "test/integration/AllJourneys.js": 1597776392302,
  "test/initMockServer.js": 1597776392298,
  "model/models.js": 1597776392298,
  "localService/mockserver.js": 1597776392298,
  "controller/App.controller.js": 1597776392306,
  "i18n/i18n.properties": 1597776392298,
  "manifest-bundle.zip": 1597786396281,
  "Component-preload.js": 1597786396443,
  "test/unit/controller/App-dbg.controller.js": 1597776392306,
  "test/integration/pages/App-dbg.js": 1597776392306,
  "test/integration/arrangements/Startup-dbg.js": 1597776392306,
  "test/unit/unitTests.qunit-dbg.js": 1597776392306,
  "test/unit/AllTests-dbg.js": 1597776392302,
  "test/integration/opaTests.qunit-dbg.js": 1597776392302,
  "test/integration/NavigationJourney-dbg.js": 1597776392302,
  "test/integration/AllJourneys-dbg.js": 1597776392302,
  "test/initMockServer-dbg.js": 1597776392298,
  "model/models-dbg.js": 1597776392298,
  "localService/mockserver-dbg.js": 1597776392298,
  "controller/App-dbg.controller.js": 1597776392306,
  "Component-dbg.js": 1597776392298,
  "resources.json": 1597786396492,
  "test/unit/unitTests.qunit.html": 1597776392306,
  "test/integration/opaTests.qunit.html": 1597776392302,
  "view/App.view.xml": 1597781810256,
  "test/mockServer.html": 1597776392298,
  "css/style.css": 1597776392298,
  "index.html": 1597776392298
}